group_id	artifact_id	current_version	ignored_version	final_version	authority	reason
co.elastic.clients	elasticsearch-rest5-client	9.4.1	9.2.9	9.4.1	ddd4j-dependencies	Spring Boot BOM import overlaps platform management; ddd4j final version is authoritative
com.graphql-java	graphql-java	22.4	25.0	22.4	ddd4j-dependencies	Spring Boot BOM import overlaps platform management; ddd4j final version is authoritative
com.oracle.database.ha	ons	23.26.2.0.0	23.9.0.25.07	23.26.2.0.0	ddd4j-dependencies	Spring Boot BOM import overlaps platform management; ddd4j final version is authoritative
com.oracle.database.ha	simplefan	23.26.2.0.0	23.9.0.25.07	23.26.2.0.0	ddd4j-dependencies	Spring Boot BOM import overlaps platform management; ddd4j final version is authoritative
com.oracle.database.jdbc	ojdbc11	23.26.1.0.0	23.9.0.25.07	23.26.1.0.0	ddd4j-dependencies	Spring Boot BOM import overlaps platform management; ddd4j final version is authoritative
com.oracle.database.jdbc	ojdbc17	23.26.2.0.0	23.9.0.25.07	23.26.2.0.0	ddd4j-dependencies	Spring Boot BOM import overlaps platform management; ddd4j final version is authoritative
com.oracle.database.jdbc	rsi	23.26.2.0.0	23.9.0.25.07	23.26.2.0.0	ddd4j-dependencies	Spring Boot BOM import overlaps platform management; ddd4j final version is authoritative
com.oracle.database.jdbc	ucp17	23.26.2.0.0	23.9.0.25.07	23.26.2.0.0	ddd4j-dependencies	Spring Boot BOM import overlaps platform management; ddd4j final version is authoritative
com.oracle.database.nls	orai18n	23.26.1.0.0	23.9.0.25.07	23.26.1.0.0	ddd4j-dependencies	Spring Boot BOM import overlaps platform management; ddd4j final version is authoritative
com.oracle.database.security	oraclepki	23.26.2.0.0	23.9.0.25.07	23.26.2.0.0	ddd4j-dependencies	Spring Boot BOM import overlaps platform management; ddd4j final version is authoritative
com.oracle.database.xml	xdb	23.26.1.0.0	23.9.0.25.07	23.26.1.0.0	ddd4j-dependencies	Spring Boot BOM import overlaps platform management; ddd4j final version is authoritative
com.oracle.database.xml	xmlparserv2	23.26.1.0.0	23.9.0.25.07	23.26.1.0.0	ddd4j-dependencies	Spring Boot BOM import overlaps platform management; ddd4j final version is authoritative
com.sun.xml.bind	jaxb-core	4.0.6	4.0.9	4.0.6	ddd4j-dependencies	Spring Boot BOM import overlaps platform management; ddd4j final version is authoritative
com.sun.xml.bind	jaxb-impl	2.4.0-b180830.0438	4.0.9	4.0.6	ddd4j-dependencies	Spring Boot BOM import overlaps platform management; ddd4j final version is authoritative
com.sun.xml.bind	jaxb-jxc	4.0.6	4.0.9	4.0.6	ddd4j-dependencies	Spring Boot BOM import overlaps platform management; ddd4j final version is authoritative
com.sun.xml.bind	jaxb-osgi	4.0.6	4.0.9	4.0.6	ddd4j-dependencies	Spring Boot BOM import overlaps platform management; ddd4j final version is authoritative
com.sun.xml.bind	jaxb-xjc	4.0.6	4.0.9	4.0.6	ddd4j-dependencies	Spring Boot BOM import overlaps platform management; ddd4j final version is authoritative
io.micrometer	context-propagation	1.2.0	1.2.1	1.2.0	ddd4j-dependencies	Spring Boot BOM import overlaps platform management; ddd4j final version is authoritative
io.micrometer	context-propagation	1.2.1	1.2.0	1.2.0	ddd4j-dependencies	Spring Boot BOM import overlaps platform management; ddd4j final version is authoritative
io.micrometer	micrometer-commons	1.16.1	1.16.7	1.16.1	ddd4j-dependencies	Spring Boot BOM import overlaps platform management; ddd4j final version is authoritative
io.micrometer	micrometer-commons	1.16.7	1.16.1	1.16.1	ddd4j-dependencies	Spring Boot BOM import overlaps platform management; ddd4j final version is authoritative
io.micrometer	micrometer-core	1.16.1	1.16.7	1.10.4	ddd4j-dependencies	Spring Boot BOM import overlaps platform management; ddd4j final version is authoritative
io.micrometer	micrometer-core	1.16.7	1.16.1	1.10.4	ddd4j-dependencies	Spring Boot BOM import overlaps platform management; ddd4j final version is authoritative
io.micrometer	micrometer-jakarta9	1.16.1	1.16.7	1.16.1	ddd4j-dependencies	Spring Boot BOM import overlaps platform management; ddd4j final version is authoritative
io.micrometer	micrometer-jakarta9	1.16.7	1.16.1	1.16.1	ddd4j-dependencies	Spring Boot BOM import overlaps platform management; ddd4j final version is authoritative
io.micrometer	micrometer-java11	1.16.1	1.16.7	1.16.1	ddd4j-dependencies	Spring Boot BOM import overlaps platform management; ddd4j final version is authoritative
io.micrometer	micrometer-java11	1.16.7	1.16.1	1.16.1	ddd4j-dependencies	Spring Boot BOM import overlaps platform management; ddd4j final version is authoritative
io.micrometer	micrometer-java21	1.16.1	1.16.7	1.16.1	ddd4j-dependencies	Spring Boot BOM import overlaps platform management; ddd4j final version is authoritative
io.micrometer	micrometer-java21	1.16.7	1.16.1	1.16.1	ddd4j-dependencies	Spring Boot BOM import overlaps platform management; ddd4j final version is authoritative
io.micrometer	micrometer-jetty11	1.16.1	1.16.7	1.16.1	ddd4j-dependencies	Spring Boot BOM import overlaps platform management; ddd4j final version is authoritative
io.micrometer	micrometer-jetty11	1.16.7	1.16.1	1.16.1	ddd4j-dependencies	Spring Boot BOM import overlaps platform management; ddd4j final version is authoritative
io.micrometer	micrometer-jetty12	1.16.1	1.16.7	1.16.1	ddd4j-dependencies	Spring Boot BOM import overlaps platform management; ddd4j final version is authoritative
io.micrometer	micrometer-jetty12	1.16.7	1.16.1	1.16.1	ddd4j-dependencies	Spring Boot BOM import overlaps platform management; ddd4j final version is authoritative
io.micrometer	micrometer-observation	1.16.1	1.16.7	1.16.1	ddd4j-dependencies	Spring Boot BOM import overlaps platform management; ddd4j final version is authoritative
io.micrometer	micrometer-observation	1.16.7	1.16.1	1.16.1	ddd4j-dependencies	Spring Boot BOM import overlaps platform management; ddd4j final version is authoritative
io.micrometer	micrometer-observation-test	1.16.1	1.16.7	1.16.1	ddd4j-dependencies	Spring Boot BOM import overlaps platform management; ddd4j final version is authoritative
io.micrometer	micrometer-observation-test	1.16.7	1.16.1	1.16.1	ddd4j-dependencies	Spring Boot BOM import overlaps platform management; ddd4j final version is authoritative
io.micrometer	micrometer-registry-appoptics	1.16.1	1.16.7	1.16.1	ddd4j-dependencies	Spring Boot BOM import overlaps platform management; ddd4j final version is authoritative
io.micrometer	micrometer-registry-appoptics	1.16.7	1.16.1	1.16.1	ddd4j-dependencies	Spring Boot BOM import overlaps platform management; ddd4j final version is authoritative
io.micrometer	micrometer-registry-atlas	1.16.1	1.16.7	1.16.1	ddd4j-dependencies	Spring Boot BOM import overlaps platform management; ddd4j final version is authoritative
io.micrometer	micrometer-registry-atlas	1.16.7	1.16.1	1.16.1	ddd4j-dependencies	Spring Boot BOM import overlaps platform management; ddd4j final version is authoritative
io.micrometer	micrometer-registry-azure-monitor	1.16.1	1.16.7	1.16.1	ddd4j-dependencies	Spring Boot BOM import overlaps platform management; ddd4j final version is authoritative
io.micrometer	micrometer-registry-azure-monitor	1.16.7	1.16.1	1.16.1	ddd4j-dependencies	Spring Boot BOM import overlaps platform management; ddd4j final version is authoritative
io.micrometer	micrometer-registry-cloudwatch2	1.16.1	1.16.7	1.16.1	ddd4j-dependencies	Spring Boot BOM import overlaps platform management; ddd4j final version is authoritative
io.micrometer	micrometer-registry-cloudwatch2	1.16.7	1.16.1	1.16.1	ddd4j-dependencies	Spring Boot BOM import overlaps platform management; ddd4j final version is authoritative
io.micrometer	micrometer-registry-datadog	1.16.1	1.16.7	1.16.1	ddd4j-dependencies	Spring Boot BOM import overlaps platform management; ddd4j final version is authoritative
io.micrometer	micrometer-registry-datadog	1.16.7	1.16.1	1.16.1	ddd4j-dependencies	Spring Boot BOM import overlaps platform management; ddd4j final version is authoritative
io.micrometer	micrometer-registry-dynatrace	1.16.1	1.16.7	1.16.1	ddd4j-dependencies	Spring Boot BOM import overlaps platform management; ddd4j final version is authoritative
io.micrometer	micrometer-registry-dynatrace	1.16.7	1.16.1	1.16.1	ddd4j-dependencies	Spring Boot BOM import overlaps platform management; ddd4j final version is authoritative
io.micrometer	micrometer-registry-elastic	1.16.1	1.16.7	1.16.1	ddd4j-dependencies	Spring Boot BOM import overlaps platform management; ddd4j final version is authoritative
io.micrometer	micrometer-registry-elastic	1.16.7	1.16.1	1.16.1	ddd4j-dependencies	Spring Boot BOM import overlaps platform management; ddd4j final version is authoritative
io.micrometer	micrometer-registry-ganglia	1.16.1	1.16.7	1.16.1	ddd4j-dependencies	Spring Boot BOM import overlaps platform management; ddd4j final version is authoritative
io.micrometer	micrometer-registry-ganglia	1.16.7	1.16.1	1.16.1	ddd4j-dependencies	Spring Boot BOM import overlaps platform management; ddd4j final version is authoritative
io.micrometer	micrometer-registry-graphite	1.16.1	1.16.7	1.16.1	ddd4j-dependencies	Spring Boot BOM import overlaps platform management; ddd4j final version is authoritative
io.micrometer	micrometer-registry-graphite	1.16.7	1.16.1	1.16.1	ddd4j-dependencies	Spring Boot BOM import overlaps platform management; ddd4j final version is authoritative
io.micrometer	micrometer-registry-health	1.16.1	1.16.7	1.16.1	ddd4j-dependencies	Spring Boot BOM import overlaps platform management; ddd4j final version is authoritative
io.micrometer	micrometer-registry-health	1.16.7	1.16.1	1.16.1	ddd4j-dependencies	Spring Boot BOM import overlaps platform management; ddd4j final version is authoritative
io.micrometer	micrometer-registry-humio	1.16.1	1.16.7	1.16.1	ddd4j-dependencies	Spring Boot BOM import overlaps platform management; ddd4j final version is authoritative
io.micrometer	micrometer-registry-humio	1.16.7	1.16.1	1.16.1	ddd4j-dependencies	Spring Boot BOM import overlaps platform management; ddd4j final version is authoritative
io.micrometer	micrometer-registry-influx	1.16.1	1.16.7	1.16.1	ddd4j-dependencies	Spring Boot BOM import overlaps platform management; ddd4j final version is authoritative
io.micrometer	micrometer-registry-influx	1.16.7	1.16.1	1.16.1	ddd4j-dependencies	Spring Boot BOM import overlaps platform management; ddd4j final version is authoritative
io.micrometer	micrometer-registry-jmx	1.16.1	1.16.7	1.16.1	ddd4j-dependencies	Spring Boot BOM import overlaps platform management; ddd4j final version is authoritative
io.micrometer	micrometer-registry-jmx	1.16.7	1.16.1	1.16.1	ddd4j-dependencies	Spring Boot BOM import overlaps platform management; ddd4j final version is authoritative
io.micrometer	micrometer-registry-kairos	1.16.1	1.16.7	1.16.1	ddd4j-dependencies	Spring Boot BOM import overlaps platform management; ddd4j final version is authoritative
io.micrometer	micrometer-registry-kairos	1.16.7	1.16.1	1.16.1	ddd4j-dependencies	Spring Boot BOM import overlaps platform management; ddd4j final version is authoritative
io.micrometer	micrometer-registry-new-relic	1.16.1	1.16.7	1.16.1	ddd4j-dependencies	Spring Boot BOM import overlaps platform management; ddd4j final version is authoritative
io.micrometer	micrometer-registry-new-relic	1.16.7	1.16.1	1.16.1	ddd4j-dependencies	Spring Boot BOM import overlaps platform management; ddd4j final version is authoritative
io.micrometer	micrometer-registry-opentsdb	1.16.1	1.16.7	1.16.1	ddd4j-dependencies	Spring Boot BOM import overlaps platform management; ddd4j final version is authoritative
io.micrometer	micrometer-registry-opentsdb	1.16.7	1.16.1	1.16.1	ddd4j-dependencies	Spring Boot BOM import overlaps platform management; ddd4j final version is authoritative
io.micrometer	micrometer-registry-otlp	1.16.1	1.16.7	1.16.1	ddd4j-dependencies	Spring Boot BOM import overlaps platform management; ddd4j final version is authoritative
io.micrometer	micrometer-registry-otlp	1.16.7	1.16.1	1.16.1	ddd4j-dependencies	Spring Boot BOM import overlaps platform management; ddd4j final version is authoritative
io.micrometer	micrometer-registry-prometheus	1.16.1	1.16.7	1.16.1	ddd4j-dependencies	Spring Boot BOM import overlaps platform management; ddd4j final version is authoritative
io.micrometer	micrometer-registry-prometheus	1.16.7	1.16.1	1.16.1	ddd4j-dependencies	Spring Boot BOM import overlaps platform management; ddd4j final version is authoritative
io.micrometer	micrometer-registry-prometheus-simpleclient	1.16.1	1.16.7	1.16.1	ddd4j-dependencies	Spring Boot BOM import overlaps platform management; ddd4j final version is authoritative
io.micrometer	micrometer-registry-prometheus-simpleclient	1.16.7	1.16.1	1.16.1	ddd4j-dependencies	Spring Boot BOM import overlaps platform management; ddd4j final version is authoritative
io.micrometer	micrometer-registry-signalfx	1.16.1	1.16.7	1.16.1	ddd4j-dependencies	Spring Boot BOM import overlaps platform management; ddd4j final version is authoritative
io.micrometer	micrometer-registry-signalfx	1.16.7	1.16.1	1.16.1	ddd4j-dependencies	Spring Boot BOM import overlaps platform management; ddd4j final version is authoritative
io.micrometer	micrometer-registry-statsd	1.16.1	1.16.7	1.16.1	ddd4j-dependencies	Spring Boot BOM import overlaps platform management; ddd4j final version is authoritative
io.micrometer	micrometer-registry-statsd	1.16.7	1.16.1	1.16.1	ddd4j-dependencies	Spring Boot BOM import overlaps platform management; ddd4j final version is authoritative
io.micrometer	micrometer-registry-wavefront	1.16.1	1.16.7	1.16.1	ddd4j-dependencies	Spring Boot BOM import overlaps platform management; ddd4j final version is authoritative
io.micrometer	micrometer-registry-wavefront	1.16.7	1.16.1	1.16.1	ddd4j-dependencies	Spring Boot BOM import overlaps platform management; ddd4j final version is authoritative
io.micrometer	micrometer-test	1.16.1	1.16.7	1.16.1	ddd4j-dependencies	Spring Boot BOM import overlaps platform management; ddd4j final version is authoritative
io.micrometer	micrometer-test	1.16.7	1.16.1	1.16.1	ddd4j-dependencies	Spring Boot BOM import overlaps platform management; ddd4j final version is authoritative
io.micrometer	micrometer-tracing	1.6.1	1.6.7	1.6.1	ddd4j-dependencies	Spring Boot BOM import overlaps platform management; ddd4j final version is authoritative
io.micrometer	micrometer-tracing-bridge-brave	1.6.1	1.6.7	1.6.1	ddd4j-dependencies	Spring Boot BOM import overlaps platform management; ddd4j final version is authoritative
io.micrometer	micrometer-tracing-bridge-otel	1.6.1	1.6.7	1.6.1	ddd4j-dependencies	Spring Boot BOM import overlaps platform management; ddd4j final version is authoritative
io.micrometer	micrometer-tracing-integration-test	1.6.1	1.6.7	1.6.1	ddd4j-dependencies	Spring Boot BOM import overlaps platform management; ddd4j final version is authoritative
io.micrometer	micrometer-tracing-reporter-wavefront	1.6.1	1.6.7	1.6.1	ddd4j-dependencies	Spring Boot BOM import overlaps platform management; ddd4j final version is authoritative
io.micrometer	micrometer-tracing-test	1.6.1	1.6.7	1.6.1	ddd4j-dependencies	Spring Boot BOM import overlaps platform management; ddd4j final version is authoritative
io.zipkin.brave	brave	6.3.1	6.3.0	6.3.0	ddd4j-dependencies	Spring Boot BOM import overlaps platform management; ddd4j final version is authoritative
io.zipkin.brave	brave-context-jfr	6.3.1	6.3.0	6.3.0	ddd4j-dependencies	Spring Boot BOM import overlaps platform management; ddd4j final version is authoritative
io.zipkin.brave	brave-tests	6.3.1	6.3.0	6.3.0	ddd4j-dependencies	Spring Boot BOM import overlaps platform management; ddd4j final version is authoritative
org.apache.activemq	activemq-all	6.1.8	6.2.0	6.2.0	ddd4j-dependencies	Spring Boot BOM import overlaps platform management; ddd4j final version is authoritative
org.apache.activemq	activemq-all	6.2.0	6.1.8	6.2.0	ddd4j-dependencies	Spring Boot BOM import overlaps platform management; ddd4j final version is authoritative
org.apache.activemq	activemq-amqp	6.1.8	6.2.0	6.2.0	ddd4j-dependencies	Spring Boot BOM import overlaps platform management; ddd4j final version is authoritative
org.apache.activemq	activemq-amqp	6.2.0	6.1.8	6.2.0	ddd4j-dependencies	Spring Boot BOM import overlaps platform management; ddd4j final version is authoritative
org.apache.activemq	activemq-blueprint	6.1.8	6.2.0	6.2.0	ddd4j-dependencies	Spring Boot BOM import overlaps platform management; ddd4j final version is authoritative
org.apache.activemq	activemq-blueprint	6.2.0	6.1.8	6.2.0	ddd4j-dependencies	Spring Boot BOM import overlaps platform management; ddd4j final version is authoritative
org.apache.activemq	activemq-broker	6.1.8	6.2.0	6.2.0	ddd4j-dependencies	Spring Boot BOM import overlaps platform management; ddd4j final version is authoritative
org.apache.activemq	activemq-broker	6.2.0	6.1.8	6.2.0	ddd4j-dependencies	Spring Boot BOM import overlaps platform management; ddd4j final version is authoritative
org.apache.activemq	activemq-client	6.1.8	6.2.0	6.2.0	ddd4j-dependencies	Spring Boot BOM import overlaps platform management; ddd4j final version is authoritative
org.apache.activemq	activemq-client	6.2.0	6.1.8	6.2.0	ddd4j-dependencies	Spring Boot BOM import overlaps platform management; ddd4j final version is authoritative
org.apache.activemq	activemq-http	6.1.8	6.2.0	6.2.0	ddd4j-dependencies	Spring Boot BOM import overlaps platform management; ddd4j final version is authoritative
org.apache.activemq	activemq-http	6.2.0	6.1.8	6.2.0	ddd4j-dependencies	Spring Boot BOM import overlaps platform management; ddd4j final version is authoritative
org.apache.activemq	activemq-jaas	6.1.8	6.2.0	6.2.0	ddd4j-dependencies	Spring Boot BOM import overlaps platform management; ddd4j final version is authoritative
org.apache.activemq	activemq-jaas	6.2.0	6.1.8	6.2.0	ddd4j-dependencies	Spring Boot BOM import overlaps platform management; ddd4j final version is authoritative
org.apache.activemq	activemq-jdbc-store	6.1.8	6.2.0	6.2.0	ddd4j-dependencies	Spring Boot BOM import overlaps platform management; ddd4j final version is authoritative
org.apache.activemq	activemq-jdbc-store	6.2.0	6.1.8	6.2.0	ddd4j-dependencies	Spring Boot BOM import overlaps platform management; ddd4j final version is authoritative
org.apache.activemq	activemq-jms-pool	6.1.8	6.2.0	6.2.0	ddd4j-dependencies	Spring Boot BOM import overlaps platform management; ddd4j final version is authoritative
org.apache.activemq	activemq-jms-pool	6.2.0	6.1.8	6.2.0	ddd4j-dependencies	Spring Boot BOM import overlaps platform management; ddd4j final version is authoritative
org.apache.activemq	activemq-kahadb-store	6.1.8	6.2.0	6.2.0	ddd4j-dependencies	Spring Boot BOM import overlaps platform management; ddd4j final version is authoritative
org.apache.activemq	activemq-kahadb-store	6.2.0	6.1.8	6.2.0	ddd4j-dependencies	Spring Boot BOM import overlaps platform management; ddd4j final version is authoritative
org.apache.activemq	activemq-karaf	6.1.8	6.2.0	6.2.0	ddd4j-dependencies	Spring Boot BOM import overlaps platform management; ddd4j final version is authoritative
org.apache.activemq	activemq-karaf	6.2.0	6.1.8	6.2.0	ddd4j-dependencies	Spring Boot BOM import overlaps platform management; ddd4j final version is authoritative
org.apache.activemq	activemq-log4j-appender	6.1.8	6.2.0	6.2.0	ddd4j-dependencies	Spring Boot BOM import overlaps platform management; ddd4j final version is authoritative
org.apache.activemq	activemq-log4j-appender	6.2.0	6.1.8	6.2.0	ddd4j-dependencies	Spring Boot BOM import overlaps platform management; ddd4j final version is authoritative
org.apache.activemq	activemq-mqtt	6.1.8	6.2.0	6.2.0	ddd4j-dependencies	Spring Boot BOM import overlaps platform management; ddd4j final version is authoritative
org.apache.activemq	activemq-mqtt	6.2.0	6.1.8	6.2.0	ddd4j-dependencies	Spring Boot BOM import overlaps platform management; ddd4j final version is authoritative
org.apache.activemq	activemq-openwire-generator	6.1.8	6.2.0	6.2.0	ddd4j-dependencies	Spring Boot BOM import overlaps platform management; ddd4j final version is authoritative
org.apache.activemq	activemq-openwire-generator	6.2.0	6.1.8	6.2.0	ddd4j-dependencies	Spring Boot BOM import overlaps platform management; ddd4j final version is authoritative
org.apache.activemq	activemq-openwire-legacy	6.1.8	6.2.0	6.2.0	ddd4j-dependencies	Spring Boot BOM import overlaps platform management; ddd4j final version is authoritative
org.apache.activemq	activemq-openwire-legacy	6.2.0	6.1.8	6.2.0	ddd4j-dependencies	Spring Boot BOM import overlaps platform management; ddd4j final version is authoritative
org.apache.activemq	activemq-osgi	6.1.8	6.2.0	6.2.0	ddd4j-dependencies	Spring Boot BOM import overlaps platform management; ddd4j final version is authoritative
org.apache.activemq	activemq-osgi	6.2.0	6.1.8	6.2.0	ddd4j-dependencies	Spring Boot BOM import overlaps platform management; ddd4j final version is authoritative
org.apache.activemq	activemq-pool	6.1.8	6.2.0	6.2.0	ddd4j-dependencies	Spring Boot BOM import overlaps platform management; ddd4j final version is authoritative
org.apache.activemq	activemq-pool	6.2.0	6.1.8	6.2.0	ddd4j-dependencies	Spring Boot BOM import overlaps platform management; ddd4j final version is authoritative
org.apache.activemq	activemq-ra	6.1.8	6.2.0	6.2.0	ddd4j-dependencies	Spring Boot BOM import overlaps platform management; ddd4j final version is authoritative
org.apache.activemq	activemq-ra	6.2.0	6.1.8	6.2.0	ddd4j-dependencies	Spring Boot BOM import overlaps platform management; ddd4j final version is authoritative
org.apache.activemq	activemq-rar	6.1.8	6.2.0	6.2.0	ddd4j-dependencies	Spring Boot BOM import overlaps platform management; ddd4j final version is authoritative
org.apache.activemq	activemq-rar	6.2.0	6.1.8	6.2.0	ddd4j-dependencies	Spring Boot BOM import overlaps platform management; ddd4j final version is authoritative
org.apache.activemq	activemq-run	6.1.8	6.2.0	6.2.0	ddd4j-dependencies	Spring Boot BOM import overlaps platform management; ddd4j final version is authoritative
org.apache.activemq	activemq-run	6.2.0	6.1.8	6.2.0	ddd4j-dependencies	Spring Boot BOM import overlaps platform management; ddd4j final version is authoritative
org.apache.activemq	activemq-runtime-config	6.1.8	6.2.0	6.2.0	ddd4j-dependencies	Spring Boot BOM import overlaps platform management; ddd4j final version is authoritative
org.apache.activemq	activemq-runtime-config	6.2.0	6.1.8	6.2.0	ddd4j-dependencies	Spring Boot BOM import overlaps platform management; ddd4j final version is authoritative
org.apache.activemq	activemq-shiro	6.1.8	6.2.0	6.2.0	ddd4j-dependencies	Spring Boot BOM import overlaps platform management; ddd4j final version is authoritative
org.apache.activemq	activemq-shiro	6.2.0	6.1.8	6.2.0	ddd4j-dependencies	Spring Boot BOM import overlaps platform management; ddd4j final version is authoritative
org.apache.activemq	activemq-stomp	6.1.8	6.2.0	6.2.0	ddd4j-dependencies	Spring Boot BOM import overlaps platform management; ddd4j final version is authoritative
org.apache.activemq	activemq-stomp	6.2.0	6.1.8	6.2.0	ddd4j-dependencies	Spring Boot BOM import overlaps platform management; ddd4j final version is authoritative
org.apache.activemq	activemq-web	6.1.8	6.2.0	6.2.0	ddd4j-dependencies	Spring Boot BOM import overlaps platform management; ddd4j final version is authoritative
org.apache.activemq	activemq-web	6.2.0	6.1.8	6.2.0	ddd4j-dependencies	Spring Boot BOM import overlaps platform management; ddd4j final version is authoritative
org.apache.activemq	activemq-web-console	6.1.8	6.2.0	6.2.0	ddd4j-dependencies	Spring Boot BOM import overlaps platform management; ddd4j final version is authoritative
org.apache.activemq	activemq-web-console	6.2.0	6.1.8	6.2.0	ddd4j-dependencies	Spring Boot BOM import overlaps platform management; ddd4j final version is authoritative
org.apache.activemq	activemq-web-demo	6.1.8	6.2.0	6.2.0	ddd4j-dependencies	Spring Boot BOM import overlaps platform management; ddd4j final version is authoritative
org.apache.activemq	activemq-web-demo	6.2.0	6.1.8	6.2.0	ddd4j-dependencies	Spring Boot BOM import overlaps platform management; ddd4j final version is authoritative
org.apache.activemq	artemis-amqp-protocol	2.43.0	2.44.0	2.44.0	ddd4j-dependencies	Spring Boot BOM import overlaps platform management; ddd4j final version is authoritative
org.apache.activemq	artemis-amqp-protocol	2.44.0	2.43.0	2.44.0	ddd4j-dependencies	Spring Boot BOM import overlaps platform management; ddd4j final version is authoritative
org.apache.activemq	artemis-boot	2.43.0	2.44.0	2.44.0	ddd4j-dependencies	Spring Boot BOM import overlaps platform management; ddd4j final version is authoritative
org.apache.activemq	artemis-boot	2.44.0	2.43.0	2.44.0	ddd4j-dependencies	Spring Boot BOM import overlaps platform management; ddd4j final version is authoritative
org.apache.activemq	artemis-cdi-client	2.43.0	2.44.0	2.44.0	ddd4j-dependencies	Spring Boot BOM import overlaps platform management; ddd4j final version is authoritative
org.apache.activemq	artemis-cdi-client	2.44.0	2.43.0	2.44.0	ddd4j-dependencies	Spring Boot BOM import overlaps platform management; ddd4j final version is authoritative
org.apache.activemq	artemis-cli	2.43.0	2.44.0	2.44.0	ddd4j-dependencies	Spring Boot BOM import overlaps platform management; ddd4j final version is authoritative
org.apache.activemq	artemis-cli	2.44.0	2.43.0	2.44.0	ddd4j-dependencies	Spring Boot BOM import overlaps platform management; ddd4j final version is authoritative
org.apache.activemq	artemis-commons	2.43.0	2.44.0	2.44.0	ddd4j-dependencies	Spring Boot BOM import overlaps platform management; ddd4j final version is authoritative
org.apache.activemq	artemis-commons	2.44.0	2.43.0	2.44.0	ddd4j-dependencies	Spring Boot BOM import overlaps platform management; ddd4j final version is authoritative
org.apache.activemq	artemis-console	2.43.0	2.44.0	2.44.0	ddd4j-dependencies	Spring Boot BOM import overlaps platform management; ddd4j final version is authoritative
org.apache.activemq	artemis-console	2.44.0	2.43.0	2.44.0	ddd4j-dependencies	Spring Boot BOM import overlaps platform management; ddd4j final version is authoritative
org.apache.activemq	artemis-core-client	2.43.0	2.44.0	2.44.0	ddd4j-dependencies	Spring Boot BOM import overlaps platform management; ddd4j final version is authoritative
org.apache.activemq	artemis-core-client	2.44.0	2.43.0	2.44.0	ddd4j-dependencies	Spring Boot BOM import overlaps platform management; ddd4j final version is authoritative
org.apache.activemq	artemis-core-client-all	2.43.0	2.44.0	2.44.0	ddd4j-dependencies	Spring Boot BOM import overlaps platform management; ddd4j final version is authoritative
org.apache.activemq	artemis-core-client-all	2.44.0	2.43.0	2.44.0	ddd4j-dependencies	Spring Boot BOM import overlaps platform management; ddd4j final version is authoritative
org.apache.activemq	artemis-core-client-osgi	2.43.0	2.44.0	2.44.0	ddd4j-dependencies	Spring Boot BOM import overlaps platform management; ddd4j final version is authoritative
org.apache.activemq	artemis-core-client-osgi	2.44.0	2.43.0	2.44.0	ddd4j-dependencies	Spring Boot BOM import overlaps platform management; ddd4j final version is authoritative
org.apache.activemq	artemis-dto	2.43.0	2.44.0	2.44.0	ddd4j-dependencies	Spring Boot BOM import overlaps platform management; ddd4j final version is authoritative
org.apache.activemq	artemis-dto	2.44.0	2.43.0	2.44.0	ddd4j-dependencies	Spring Boot BOM import overlaps platform management; ddd4j final version is authoritative
org.apache.activemq	artemis-features	features:2.43.0	features:2.44.0	2.44.0	ddd4j-dependencies	Spring Boot BOM import overlaps platform management; ddd4j final version is authoritative
org.apache.activemq	artemis-features	features:2.44.0	features:2.43.0	2.44.0	ddd4j-dependencies	Spring Boot BOM import overlaps platform management; ddd4j final version is authoritative
org.apache.activemq	artemis-hornetq-protocol	2.43.0	2.44.0	2.44.0	ddd4j-dependencies	Spring Boot BOM import overlaps platform management; ddd4j final version is authoritative
org.apache.activemq	artemis-hornetq-protocol	2.44.0	2.43.0	2.44.0	ddd4j-dependencies	Spring Boot BOM import overlaps platform management; ddd4j final version is authoritative
org.apache.activemq	artemis-hqclient-protocol	2.43.0	2.44.0	2.44.0	ddd4j-dependencies	Spring Boot BOM import overlaps platform management; ddd4j final version is authoritative
org.apache.activemq	artemis-hqclient-protocol	2.44.0	2.43.0	2.44.0	ddd4j-dependencies	Spring Boot BOM import overlaps platform management; ddd4j final version is authoritative
org.apache.activemq	artemis-jakarta-cdi-client	2.43.0	2.44.0	2.44.0	ddd4j-dependencies	Spring Boot BOM import overlaps platform management; ddd4j final version is authoritative
org.apache.activemq	artemis-jakarta-cdi-client	2.44.0	2.43.0	2.44.0	ddd4j-dependencies	Spring Boot BOM import overlaps platform management; ddd4j final version is authoritative
org.apache.activemq	artemis-jakarta-client	2.43.0	2.44.0	2.44.0	ddd4j-dependencies	Spring Boot BOM import overlaps platform management; ddd4j final version is authoritative
org.apache.activemq	artemis-jakarta-client	2.44.0	2.43.0	2.44.0	ddd4j-dependencies	Spring Boot BOM import overlaps platform management; ddd4j final version is authoritative
org.apache.activemq	artemis-jakarta-client-all	2.43.0	2.44.0	2.44.0	ddd4j-dependencies	Spring Boot BOM import overlaps platform management; ddd4j final version is authoritative
org.apache.activemq	artemis-jakarta-client-all	2.44.0	2.43.0	2.44.0	ddd4j-dependencies	Spring Boot BOM import overlaps platform management; ddd4j final version is authoritative
org.apache.activemq	artemis-jakarta-openwire-protocol	2.43.0	2.44.0	2.44.0	ddd4j-dependencies	Spring Boot BOM import overlaps platform management; ddd4j final version is authoritative
org.apache.activemq	artemis-jakarta-openwire-protocol	2.44.0	2.43.0	2.44.0	ddd4j-dependencies	Spring Boot BOM import overlaps platform management; ddd4j final version is authoritative
org.apache.activemq	artemis-jakarta-ra	2.43.0	2.44.0	2.44.0	ddd4j-dependencies	Spring Boot BOM import overlaps platform management; ddd4j final version is authoritative
org.apache.activemq	artemis-jakarta-ra	2.44.0	2.43.0	2.44.0	ddd4j-dependencies	Spring Boot BOM import overlaps platform management; ddd4j final version is authoritative
org.apache.activemq	artemis-jakarta-server	2.43.0	2.44.0	2.44.0	ddd4j-dependencies	Spring Boot BOM import overlaps platform management; ddd4j final version is authoritative
org.apache.activemq	artemis-jakarta-server	2.44.0	2.43.0	2.44.0	ddd4j-dependencies	Spring Boot BOM import overlaps platform management; ddd4j final version is authoritative
org.apache.activemq	artemis-jakarta-service-extensions	2.43.0	2.44.0	2.44.0	ddd4j-dependencies	Spring Boot BOM import overlaps platform management; ddd4j final version is authoritative
org.apache.activemq	artemis-jakarta-service-extensions	2.44.0	2.43.0	2.44.0	ddd4j-dependencies	Spring Boot BOM import overlaps platform management; ddd4j final version is authoritative
org.apache.activemq	artemis-jdbc-store	2.43.0	2.44.0	2.44.0	ddd4j-dependencies	Spring Boot BOM import overlaps platform management; ddd4j final version is authoritative
org.apache.activemq	artemis-jms-client	2.43.0	2.44.0	2.44.0	ddd4j-dependencies	Spring Boot BOM import overlaps platform management; ddd4j final version is authoritative
org.apache.activemq	artemis-jms-client-all	2.43.0	2.44.0	2.44.0	ddd4j-dependencies	Spring Boot BOM import overlaps platform management; ddd4j final version is authoritative
org.apache.activemq	artemis-jms-client-osgi	2.43.0	2.44.0	2.44.0	ddd4j-dependencies	Spring Boot BOM import overlaps platform management; ddd4j final version is authoritative
org.apache.activemq	artemis-jms-server	2.43.0	2.44.0	2.44.0	ddd4j-dependencies	Spring Boot BOM import overlaps platform management; ddd4j final version is authoritative
org.apache.activemq	artemis-journal	2.43.0	2.44.0	2.44.0	ddd4j-dependencies	Spring Boot BOM import overlaps platform management; ddd4j final version is authoritative
org.apache.activemq	artemis-lockmanager-api	2.43.0	2.44.0	2.44.0	ddd4j-dependencies	Spring Boot BOM import overlaps platform management; ddd4j final version is authoritative
org.apache.activemq	artemis-lockmanager-ri	2.43.0	2.44.0	2.44.0	ddd4j-dependencies	Spring Boot BOM import overlaps platform management; ddd4j final version is authoritative
org.apache.activemq	artemis-mqtt-protocol	2.43.0	2.44.0	2.44.0	ddd4j-dependencies	Spring Boot BOM import overlaps platform management; ddd4j final version is authoritative
org.apache.activemq	artemis-openwire-protocol	2.43.0	2.44.0	2.44.0	ddd4j-dependencies	Spring Boot BOM import overlaps platform management; ddd4j final version is authoritative
org.apache.activemq	artemis-ra	2.43.0	2.44.0	2.44.0	ddd4j-dependencies	Spring Boot BOM import overlaps platform management; ddd4j final version is authoritative
org.apache.activemq	artemis-selector	2.43.0	2.44.0	2.44.0	ddd4j-dependencies	Spring Boot BOM import overlaps platform management; ddd4j final version is authoritative
org.apache.activemq	artemis-server	2.43.0	2.44.0	2.44.0	ddd4j-dependencies	Spring Boot BOM import overlaps platform management; ddd4j final version is authoritative
org.apache.activemq	artemis-server-osgi	2.43.0	2.44.0	2.44.0	ddd4j-dependencies	Spring Boot BOM import overlaps platform management; ddd4j final version is authoritative
org.apache.activemq	artemis-service-extensions	2.43.0	2.44.0	2.44.0	ddd4j-dependencies	Spring Boot BOM import overlaps platform management; ddd4j final version is authoritative
org.apache.activemq	artemis-stomp-protocol	2.43.0	2.44.0	2.44.0	ddd4j-dependencies	Spring Boot BOM import overlaps platform management; ddd4j final version is authoritative
org.apache.activemq	artemis-web	2.43.0	2.44.0	2.44.0	ddd4j-dependencies	Spring Boot BOM import overlaps platform management; ddd4j final version is authoritative
org.apache.activemq	artemis-website	2.43.0	2.44.0	2.44.0	ddd4j-dependencies	Spring Boot BOM import overlaps platform management; ddd4j final version is authoritative
org.ehcache	ehcache-clustered	3.10.8	3.11.1	3.10.8	ddd4j-dependencies	Spring Boot BOM import overlaps platform management; ddd4j final version is authoritative
org.glassfish.jaxb	codemodel	4.0.6	4.0.9	4.0.6	ddd4j-dependencies	Spring Boot BOM import overlaps platform management; ddd4j final version is authoritative
org.glassfish.jaxb	jaxb-core	4.0.6	4.0.9	4.0.6	ddd4j-dependencies	Spring Boot BOM import overlaps platform management; ddd4j final version is authoritative
org.glassfish.jaxb	jaxb-jxc	4.0.6	4.0.9	4.0.6	ddd4j-dependencies	Spring Boot BOM import overlaps platform management; ddd4j final version is authoritative
org.glassfish.jaxb	jaxb-runtime	2.3.9	4.0.9	4.0.6	ddd4j-dependencies	Spring Boot BOM import overlaps platform management; ddd4j final version is authoritative
org.glassfish.jaxb	jaxb-xjc	4.0.6	4.0.9	4.0.6	ddd4j-dependencies	Spring Boot BOM import overlaps platform management; ddd4j final version is authoritative
org.glassfish.jaxb	txw2	4.0.6	4.0.9	4.0.6	ddd4j-dependencies	Spring Boot BOM import overlaps platform management; ddd4j final version is authoritative
org.glassfish.jaxb	xsom	4.0.6	4.0.9	4.0.6	ddd4j-dependencies	Spring Boot BOM import overlaps platform management; ddd4j final version is authoritative
org.hibernate.orm	hibernate-agroal	6.6.40.Final	7.2.24.Final	6.6.40.Final	ddd4j-dependencies	Spring Boot BOM import overlaps platform management; ddd4j final version is authoritative
org.hibernate.orm	hibernate-ant	6.6.40.Final	7.2.24.Final	6.6.40.Final	ddd4j-dependencies	Spring Boot BOM import overlaps platform management; ddd4j final version is authoritative
org.hibernate.orm	hibernate-c3p0	6.6.40.Final	7.2.24.Final	6.6.40.Final	ddd4j-dependencies	Spring Boot BOM import overlaps platform management; ddd4j final version is authoritative
org.hibernate.orm	hibernate-community-dialects	6.6.40.Final	7.2.24.Final	6.6.40.Final	ddd4j-dependencies	Spring Boot BOM import overlaps platform management; ddd4j final version is authoritative
org.hibernate.orm	hibernate-core	7.2.6.Final	7.2.24.Final	7.2.6.Final	ddd4j-dependencies	Spring Boot BOM import overlaps platform management; ddd4j final version is authoritative
org.hibernate.orm	hibernate-envers	6.6.40.Final	7.2.24.Final	6.6.40.Final	ddd4j-dependencies	Spring Boot BOM import overlaps platform management; ddd4j final version is authoritative
org.hibernate.orm	hibernate-graalvm	6.6.40.Final	7.2.24.Final	6.6.40.Final	ddd4j-dependencies	Spring Boot BOM import overlaps platform management; ddd4j final version is authoritative
org.hibernate.orm	hibernate-hikaricp	6.6.40.Final	7.2.24.Final	6.6.40.Final	ddd4j-dependencies	Spring Boot BOM import overlaps platform management; ddd4j final version is authoritative
org.hibernate.orm	hibernate-jcache	6.6.40.Final	7.2.24.Final	6.6.40.Final	ddd4j-dependencies	Spring Boot BOM import overlaps platform management; ddd4j final version is authoritative
org.hibernate.orm	hibernate-micrometer	6.6.40.Final	7.2.24.Final	6.6.40.Final	ddd4j-dependencies	Spring Boot BOM import overlaps platform management; ddd4j final version is authoritative
org.hibernate.orm	hibernate-processor	7.4.5.Final	7.2.24.Final	7.4.5.Final	ddd4j-dependencies	Spring Boot BOM import overlaps platform management; ddd4j final version is authoritative
org.hibernate.orm	hibernate-spatial	6.6.40.Final	7.2.24.Final	6.6.40.Final	ddd4j-dependencies	Spring Boot BOM import overlaps platform management; ddd4j final version is authoritative
org.hibernate.orm	hibernate-testing	6.6.40.Final	7.2.24.Final	6.6.40.Final	ddd4j-dependencies	Spring Boot BOM import overlaps platform management; ddd4j final version is authoritative
org.hibernate.orm	hibernate-vector	7.4.5.Final	7.2.24.Final	7.4.5.Final	ddd4j-dependencies	Spring Boot BOM import overlaps platform management; ddd4j final version is authoritative
org.jspecify	jspecify	1.0.0	1.0.1	1.0.0	ddd4j-dependencies	Spring Boot BOM import overlaps platform management; ddd4j final version is authoritative
org.slf4j	jcl-over-slf4j	2.0.17	2.0.18	2.0.17	ddd4j-dependencies	Spring Boot BOM import overlaps platform management; ddd4j final version is authoritative
org.slf4j	jul-to-slf4j	1.7.36	2.0.18	1.7.36	ddd4j-dependencies	Spring Boot BOM import overlaps platform management; ddd4j final version is authoritative
org.slf4j	log4j-over-slf4j	2.0.17	2.0.18	2.0.17	ddd4j-dependencies	Spring Boot BOM import overlaps platform management; ddd4j final version is authoritative
org.slf4j	slf4j-ext	2.0.17	2.0.18	2.0.17	ddd4j-dependencies	Spring Boot BOM import overlaps platform management; ddd4j final version is authoritative
org.slf4j	slf4j-log4j12	2.0.17	2.0.18	2.0.17	ddd4j-dependencies	Spring Boot BOM import overlaps platform management; ddd4j final version is authoritative
org.slf4j	slf4j-nop	2.0.17	2.0.18	2.0.17	ddd4j-dependencies	Spring Boot BOM import overlaps platform management; ddd4j final version is authoritative
org.slf4j	slf4j-reload4j	1.7.36	2.0.18	1.7.36	ddd4j-dependencies	Spring Boot BOM import overlaps platform management; ddd4j final version is authoritative
org.vibur	vibur-dbcp	25.0	26.0	25.0	ddd4j-dependencies	Spring Boot BOM import overlaps platform management; ddd4j final version is authoritative
